INSERT;{"name":"leland","dpi":"5822613821272","datebirth":"1980-08-15T16:28:47.255Z","address":"rohnert park"}
INSERT;{"name":"jaquan","dpi":"1850197124045","datebirth":"1994-10-17T01:30:49.786Z","address":"euless"}
INSERT;{"name":"melba","dpi":"9434190230747","datebirth":"1961-03-30T20:41:42.427Z","address":"everett"}
INSERT;{"name":"nicholas","dpi":"3299305855124","datebirth":"1963-11-16T07:57:21.363Z","address":"cerritos"}
INSERT;{"name":"liliana","dpi":"9277361207906","datebirth":"1966-01-29T13:05:22.752Z","address":"canton"}
INSERT;{"name":"vivianne","dpi":"7166761150766","datebirth":"1971-01-27T09:44:49.833Z","address":"florissant"}
INSERT;{"name":"rogelio","dpi":"1381593002015","datebirth":"1998-08-12T01:17:48.476Z","address":"raleigh"}
INSERT;{"name":"fredy","dpi":"9051733931163","datebirth":"1983-05-20T14:20:52.773Z","address":"state college"}
INSERT;{"name":"adaline","dpi":"1028828618995","datebirth":"1966-12-04T23:44:36.892Z","address":"jackson"}
INSERT;{"name":"hassie","dpi":"7000138891709","datebirth":"1963-03-19T20:13:50.209Z","address":"newport news"}
INSERT;{"name":"bethel","dpi":"9457027012358","datebirth":"1961-04-29T05:24:28.641Z","address":"torrance"}
INSERT;{"name":"reba","dpi":"9398876685954","datebirth":"1999-10-05T06:29:06.853Z","address":"akron"}
INSERT;{"name":"vince","dpi":"7278950855275","datebirth":"1988-07-14T21:37:06.601Z","address":"pasadena"}
INSERT;{"name":"brisa","dpi":"8200678097190","datebirth":"1996-08-30T02:34:21.652Z","address":"gary"}
INSERT;{"name":"zoey","dpi":"6181333891116","datebirth":"1970-04-15T10:16:34.665Z","address":"huntington park"}
INSERT;{"name":"gayle","dpi":"2393618949145","datebirth":"2002-02-14T16:24:34.811Z","address":"columbus"}
INSERT;{"name":"irwin","dpi":"2137226132856","datebirth":"1977-08-24T12:05:30.325Z","address":"wheaton"}
INSERT;{"name":"maya","dpi":"2876774254663","datebirth":"1974-08-19T08:03:18.792Z","address":"baltimore"}
INSERT;{"name":"clara","dpi":"4820088603668","datebirth":"1976-05-27T20:31:05.748Z","address":"pasco"}
INSERT;{"name":"rocky","dpi":"7815380763171","datebirth":"1966-03-29T03:53:18.772Z","address":"bountiful"}
INSERT;{"name":"janis","dpi":"7064895260425","datebirth":"1981-02-10T02:01:03.081Z","address":"madison"}
INSERT;{"name":"esther","dpi":"2562075685759","datebirth":"1965-06-24T11:23:18.124Z","address":"west babylon"}
INSERT;{"name":"genesis","dpi":"5772972336990","datebirth":"1985-12-23T18:05:59.105Z","address":"haverhill"}
INSERT;{"name":"vanessa","dpi":"2745441242574","datebirth":"1981-10-26T03:11:03.485Z","address":"findlay"}
INSERT;{"name":"lyla","dpi":"4428624656751","datebirth":"1962-04-14T06:54:20.000Z","address":"rancho cucamonga"}
INSERT;{"name":"kobe","dpi":"3218805453803","datebirth":"1990-08-25T21:33:19.130Z","address":"galveston"}
INSERT;{"name":"juliet","dpi":"3499199383284","datebirth":"1963-07-25T17:43:43.726Z","address":"barnstable town"}
INSERT;{"name":"rod","dpi":"6734810255863","datebirth":"1997-06-16T21:32:27.231Z","address":"passaic"}
INSERT;{"name":"annamae","dpi":"2205646878425","datebirth":"1974-06-08T13:33:47.168Z","address":"scottsdale"}
INSERT;{"name":"erick","dpi":"8496319321161","datebirth":"1981-10-07T06:06:35.859Z","address":"yuma"}
INSERT;{"name":"brandon","dpi":"4917268882021","datebirth":"1965-02-12T15:55:05.332Z","address":"chattanooga"}
INSERT;{"name":"tremaine","dpi":"5882628144427","datebirth":"1999-11-18T23:20:33.513Z","address":"ashburn"}
INSERT;{"name":"carmela","dpi":"1419914138084","datebirth":"1992-03-19T14:36:36.932Z","address":"vacaville"}
INSERT;{"name":"donny","dpi":"9929643945295","datebirth":"1966-05-04T19:03:40.539Z","address":"apple valley"}
INSERT;{"name":"nikolas","dpi":"9981729911636","datebirth":"2001-01-16T11:49:36.109Z","address":"covina"}
INSERT;{"name":"rogelio","dpi":"2600633840439","datebirth":"2000-02-24T16:40:48.960Z","address":"buena park"}
INSERT;{"name":"estelle","dpi":"8852189663921","datebirth":"1976-09-27T21:30:58.575Z","address":"chula vista"}
INSERT;{"name":"jeromy","dpi":"1509575044571","datebirth":"1998-06-19T04:13:03.823Z","address":"simi valley"}
INSERT;{"name":"margie","dpi":"3456813110366","datebirth":"1978-02-03T16:57:30.722Z","address":"dearborn"}
INSERT;{"name":"otis","dpi":"2323569339750","datebirth":"1966-04-02T19:51:02.593Z","address":"paradise"}
INSERT;{"name":"meaghan","dpi":"9366053084260","datebirth":"1981-08-22T15:05:27.512Z","address":"tigard"}
INSERT;{"name":"alphonso","dpi":"4319197889929","datebirth":"1973-02-08T13:35:21.976Z","address":"tamiami"}
INSERT;{"name":"jules","dpi":"3072612499302","datebirth":"1982-04-11T20:20:31.795Z","address":"chula vista"}
INSERT;{"name":"garrick","dpi":"8742178769448","datebirth":"1960-04-18T15:12:30.107Z","address":"mount prospect"}
INSERT;{"name":"felipe","dpi":"6135359652921","datebirth":"1977-08-15T09:41:18.201Z","address":"redwood city"}
INSERT;{"name":"wilford","dpi":"6943395569378","datebirth":"1964-08-10T05:47:17.884Z","address":"buena park"}
INSERT;{"name":"alexanne","dpi":"4081453395959","datebirth":"1987-08-10T17:18:14.113Z","address":"fremont"}
INSERT;{"name":"eliza","dpi":"4950671968845","datebirth":"1971-06-27T06:22:04.587Z","address":"decatur"}
INSERT;{"name":"bradley","dpi":"6769534703595","datebirth":"1991-08-19T20:37:12.142Z","address":"hattiesburg"}
INSERT;{"name":"lea","dpi":"1477635579869","datebirth":"1993-07-25T12:44:02.099Z","address":"akron"}
INSERT;{"name":"devyn","dpi":"8177904879461","datebirth":"1987-01-03T06:45:36.178Z","address":"north lauderdale"}
INSERT;{"name":"elias","dpi":"8724039326918","datebirth":"2002-10-04T07:27:22.772Z","address":"santa ana"}
INSERT;{"name":"chelsea","dpi":"1785239074491","datebirth":"1970-02-09T15:39:22.378Z","address":"brockton"}
INSERT;{"name":"okey","dpi":"2970801303305","datebirth":"1964-06-16T12:52:52.676Z","address":"chattanooga"}
INSERT;{"name":"aaliyah","dpi":"8918156107725","datebirth":"1966-10-17T09:04:59.161Z","address":"santa clara"}
INSERT;{"name":"camylle","dpi":"2441452786467","datebirth":"1996-11-22T19:14:12.414Z","address":"littleton"}
INSERT;{"name":"lily","dpi":"7599904055393","datebirth":"1967-01-31T14:55:55.193Z","address":"st. paul"}
INSERT;{"name":"kylee","dpi":"8537204451968","datebirth":"1987-09-30T05:14:59.303Z","address":"lynwood"}
INSERT;{"name":"anais","dpi":"6598602016506","datebirth":"1974-08-15T16:53:05.388Z","address":"brentwood"}
INSERT;{"name":"bulah","dpi":"4413485586571","datebirth":"1998-04-29T09:13:50.848Z","address":"mount prospect"}
INSERT;{"name":"milton","dpi":"3904051053070","datebirth":"1987-02-16T02:08:02.187Z","address":"corpus christi"}
INSERT;{"name":"dillan","dpi":"7162522368076","datebirth":"1964-12-10T06:29:15.622Z","address":"doral"}
INSERT;{"name":"omari","dpi":"1724089234633","datebirth":"1999-07-01T22:07:49.106Z","address":"riverton"}
INSERT;{"name":"joshuah","dpi":"4573452158845","datebirth":"1988-08-05T01:10:54.499Z","address":"brandon"}
INSERT;{"name":"bradford","dpi":"5307883439964","datebirth":"1964-01-24T21:44:09.771Z","address":"overland park"}
INSERT;{"name":"kirk","dpi":"2647094047272","datebirth":"1998-09-27T23:57:48.686Z","address":"fairfield"}
INSERT;{"name":"norris","dpi":"5763973506231","datebirth":"1978-07-01T01:13:08.184Z","address":"bakersfield"}
INSERT;{"name":"lurline","dpi":"8813476235429","datebirth":"1983-06-16T02:39:28.189Z","address":"oshkosh"}
INSERT;{"name":"christophe","dpi":"2252792817331","datebirth":"1986-10-30T23:55:34.820Z","address":"south bend"}
INSERT;{"name":"carrie","dpi":"3503433397846","datebirth":"1972-08-12T16:54:12.589Z","address":"lawrence"}
INSERT;{"name":"kyla","dpi":"4992916511185","datebirth":"1999-05-17T04:17:31.470Z","address":"bloomington"}
INSERT;{"name":"toni","dpi":"1213387559949","datebirth":"1970-11-29T11:37:30.245Z","address":"boynton beach"}
INSERT;{"name":"alex","dpi":"4374273807613","datebirth":"1969-02-17T04:22:07.977Z","address":"tinley park"}
INSERT;{"name":"sheldon","dpi":"7205007568604","datebirth":"1985-06-15T18:51:02.431Z","address":"lynwood"}
INSERT;{"name":"carleton","dpi":"3509110138806","datebirth":"1988-01-21T21:49:53.901Z","address":"lakewood"}
INSERT;{"name":"demond","dpi":"5736517303758","datebirth":"1985-04-17T06:24:50.318Z","address":"jupiter"}
INSERT;{"name":"eriberto","dpi":"7230329751796","datebirth":"1974-05-06T21:00:59.458Z","address":"st. paul"}
INSERT;{"name":"lavonne","dpi":"4282502656834","datebirth":"1982-09-02T00:13:40.739Z","address":"east orange"}
INSERT;{"name":"rosendo","dpi":"8731226109711","datebirth":"2002-09-12T18:39:30.529Z","address":"clovis"}
INSERT;{"name":"giuseppe","dpi":"7957481874959","datebirth":"1969-05-18T05:11:30.018Z","address":"ocala"}
INSERT;{"name":"evangeline","dpi":"4522875854667","datebirth":"1978-12-23T10:13:22.355Z","address":"tamiami"}
INSERT;{"name":"kirsten","dpi":"2530370706465","datebirth":"1987-07-22T08:36:00.794Z","address":"killeen"}
INSERT;{"name":"kaleigh","dpi":"4422087144441","datebirth":"1978-03-21T20:49:19.734Z","address":"greenville"}
INSERT;{"name":"roslyn","dpi":"9347726873434","datebirth":"1966-10-12T17:08:36.540Z","address":"tamiami"}
INSERT;{"name":"oleta","dpi":"2003840870277","datebirth":"2000-09-04T09:43:16.670Z","address":"san mateo"}
INSERT;{"name":"makayla","dpi":"9041965705314","datebirth":"2001-05-09T07:22:40.362Z","address":"wheaton"}
INSERT;{"name":"arthur","dpi":"7094938991347","datebirth":"1970-08-26T23:39:33.559Z","address":"tonawanda"}
INSERT;{"name":"jensen","dpi":"2463707906468","datebirth":"1993-05-04T08:46:35.144Z","address":"madison"}
INSERT;{"name":"alberta","dpi":"8827874686956","datebirth":"1998-06-05T07:02:26.079Z","address":"baldwin park"}
INSERT;{"name":"brandi","dpi":"3725289560952","datebirth":"2002-05-29T10:21:17.985Z","address":"olathe"}
INSERT;{"name":"santino","dpi":"2587903449359","datebirth":"1962-05-15T09:07:32.306Z","address":"new haven"}
INSERT;{"name":"zion","dpi":"2672018758313","datebirth":"1965-04-30T20:04:09.414Z","address":"buena park"}
INSERT;{"name":"corine","dpi":"7864557539129","datebirth":"1967-11-23T18:14:45.342Z","address":"detroit"}
INSERT;{"name":"tyrique","dpi":"6545791638450","datebirth":"1978-07-21T13:16:20.939Z","address":"lauderhill"}
INSERT;{"name":"genesis","dpi":"9663581766799","datebirth":"1997-07-04T17:11:34.965Z","address":"paramount"}
INSERT;{"name":"saige","dpi":"4391499555401","datebirth":"1981-12-31T00:20:55.727Z","address":"davis"}
INSERT;{"name":"tess","dpi":"4587133014995","datebirth":"1993-11-20T15:35:08.263Z","address":"laredo"}
INSERT;{"name":"alejandra","dpi":"6747140451137","datebirth":"1978-06-10T09:21:39.909Z","address":"lehi"}
INSERT;{"name":"shaylee","dpi":"5093409829180","datebirth":"2001-11-23T03:05:31.794Z","address":"haltom city"}
INSERT;{"name":"ali","dpi":"9835194631290","datebirth":"1992-01-21T02:55:54.542Z","address":"redmond"}
INSERT;{"name":"juliet","dpi":"4629189342057","datebirth":"1989-02-09T03:06:56.382Z","address":"san francisco"}
INSERT;{"name":"bradley","dpi":"9420947244318","datebirth":"1983-01-28T07:03:43.594Z","address":"catalina foothills"}
INSERT;{"name":"wilford","dpi":"7524173444540","datebirth":"1987-07-02T13:01:11.058Z","address":"arcadia"}
INSERT;{"name":"brisa","dpi":"4466350703494","datebirth":"1964-09-30T21:22:11.245Z","address":"livonia"}
INSERT;{"name":"carleton","dpi":"4659781994095","datebirth":"1977-09-21T05:01:55.846Z","address":"medford"}
INSERT;{"name":"evangeline","dpi":"9020094660604","datebirth":"1999-12-09T23:35:50.066Z","address":"long beach"}
INSERT;{"name":"lea","dpi":"4872238142756","datebirth":"1965-05-14T05:24:53.829Z","address":"canton"}
INSERT;{"name":"carleton","dpi":"7291095683668","datebirth":"1984-06-05T17:24:53.887Z","address":"waukegan"}
INSERT;{"name":"donny","dpi":"6354610791455","datebirth":"1982-04-29T01:04:04.511Z","address":"waltham"}
INSERT;{"name":"norris","dpi":"5943929095814","datebirth":"1979-02-12T15:57:14.344Z","address":"lincoln"}
INSERT;{"name":"alex","dpi":"7666032620474","datebirth":"1985-06-29T20:32:53.222Z","address":"los angeles"}
INSERT;{"name":"carleton","dpi":"5338678347939","datebirth":"1990-02-09T10:07:42.301Z","address":"taylorsville"}
INSERT;{"name":"carrie","dpi":"1661682088979","datebirth":"1968-07-09T17:52:34.514Z","address":"amarillo"}
INSERT;{"name":"giuseppe","dpi":"9115032828028","datebirth":"1999-07-31T22:49:51.763Z","address":"atlanta"}
INSERT;{"name":"giuseppe","dpi":"5728764558545","datebirth":"1985-01-19T06:59:20.243Z","address":"roseville"}
INSERT;{"name":"giuseppe","dpi":"4727159305269","datebirth":"1980-01-10T21:23:15.528Z","address":"warner robins"}
INSERT;{"name":"elias","dpi":"8721877768297","datebirth":"2001-06-05T05:15:47.275Z","address":"north las vegas"}
INSERT;{"name":"vivianne","dpi":"7065259650509","datebirth":"1977-05-23T18:41:34.205Z","address":"altamonte springs"}
INSERT;{"name":"esther","dpi":"5934715923517","datebirth":"1962-05-09T22:25:32.356Z","address":"kent"}
INSERT;{"name":"sheldon","dpi":"6014094449590","datebirth":"2000-07-11T19:14:15.496Z","address":"freeport"}
INSERT;{"name":"tess","dpi":"5212309333753","datebirth":"1960-07-28T07:39:06.689Z","address":"roswell"}
INSERT;{"name":"arthur","dpi":"8243971437149","datebirth":"1982-03-18T09:54:07.529Z","address":"west des moines"}
INSERT;{"name":"liliana","dpi":"5421791583125","datebirth":"1966-08-16T15:07:19.391Z","address":"lynchburg"}
INSERT;{"name":"kylee","dpi":"6882493260658","datebirth":"1975-01-25T08:14:48.854Z","address":"greensboro"}
INSERT;{"name":"omari","dpi":"7616109777197","datebirth":"1972-12-04T16:00:26.124Z","address":"santa clarita"}
INSERT;{"name":"alberta","dpi":"9546962707883","datebirth":"1979-07-02T12:14:15.586Z","address":"salem"}
INSERT;{"name":"irwin","dpi":"1083425474249","datebirth":"1961-01-22T20:14:09.483Z","address":"urbandale"}
INSERT;{"name":"alexanne","dpi":"9778576618885","datebirth":"1978-07-23T02:39:46.095Z","address":"reno"}
INSERT;{"name":"norris","dpi":"4637611969221","datebirth":"1968-01-11T22:02:28.271Z","address":"highlands ranch"}
INSERT;{"name":"giuseppe","dpi":"1570160110201","datebirth":"1993-03-26T19:46:15.649Z","address":"lakeland"}
INSERT;{"name":"lavonne","dpi":"7379009673471","datebirth":"1965-05-24T04:00:25.382Z","address":"the hammocks"}
INSERT;{"name":"kobe","dpi":"6553549161560","datebirth":"1978-01-17T05:24:04.395Z","address":"murray"}
INSERT;{"name":"saige","dpi":"2198587607987","datebirth":"1995-06-14T13:45:27.669Z","address":"beaumont"}
INSERT;{"name":"liliana","dpi":"9845820506503","datebirth":"1977-08-22T17:58:59.970Z","address":"camden"}
INSERT;{"name":"makayla","dpi":"1486430834057","datebirth":"1962-04-07T04:47:35.071Z","address":"norman"}
INSERT;{"name":"eriberto","dpi":"6707485980850","datebirth":"1962-01-26T18:19:28.842Z","address":"arlington heights"}
INSERT;{"name":"brisa","dpi":"3214528571838","datebirth":"1975-12-19T21:25:25.162Z","address":"clovis"}
INSERT;{"name":"esther","dpi":"6374818393732","datebirth":"1970-04-15T00:10:57.794Z","address":"la mesa"}
INSERT;{"name":"margie","dpi":"1130056543323","datebirth":"1995-10-09T18:02:27.714Z","address":"summerville"}
INSERT;{"name":"bulah","dpi":"7651089322387","datebirth":"1996-10-24T02:55:50.452Z","address":"alhambra"}
INSERT;{"name":"bradley","dpi":"5971454764641","datebirth":"1995-10-10T19:20:03.790Z","address":"elkhart"}
INSERT;{"name":"tremaine","dpi":"2571765415684","datebirth":"1996-08-30T10:28:49.452Z","address":"missouri city"}
INSERT;{"name":"oleta","dpi":"3850032059392","datebirth":"1982-11-05T02:42:58.740Z","address":"bismarck"}
INSERT;{"name":"demond","dpi":"8215897035470","datebirth":"1979-05-26T08:07:16.130Z","address":"camden"}
INSERT;{"name":"felipe","dpi":"3192639113819","datebirth":"1970-06-26T19:40:04.627Z","address":"santee"}
INSERT;{"name":"bradley","dpi":"1286743073672","datebirth":"1969-03-22T13:18:04.019Z","address":"suffolk"}
INSERT;{"name":"brisa","dpi":"2637536933624","datebirth":"1994-05-31T08:50:40.887Z","address":"oro valley"}
INSERT;{"name":"maya","dpi":"3827224225228","datebirth":"1979-05-18T16:58:51.463Z","address":"cypress"}
INSERT;{"name":"elias","dpi":"1420044793109","datebirth":"1976-04-12T00:21:43.219Z","address":"cincinnati"}
INSERT;{"name":"roslyn","dpi":"5648526461670","datebirth":"1984-07-05T13:36:13.514Z","address":"seattle"}
INSERT;{"name":"alex","dpi":"7757405549956","datebirth":"1962-08-20T06:26:34.318Z","address":"redwood city"}
INSERT;{"name":"eriberto","dpi":"4789067384508","datebirth":"1960-06-14T06:48:02.190Z","address":"westfield"}
INSERT;{"name":"corine","dpi":"7178635342790","datebirth":"2002-08-25T03:03:50.240Z","address":"edina"}
INSERT;{"name":"irwin","dpi":"4218062477656","datebirth":"1964-04-22T14:48:40.398Z","address":"plantation"}
INSERT;{"name":"elias","dpi":"1896425845603","datebirth":"1988-12-29T05:55:51.493Z","address":"portland"}
INSERT;{"name":"corine","dpi":"2574462532982","datebirth":"1981-04-17T08:10:20.692Z","address":"paterson"}
INSERT;{"name":"bradford","dpi":"2871994879654","datebirth":"1992-11-06T20:36:51.442Z","address":"bismarck"}
INSERT;{"name":"okey","dpi":"9055484660556","datebirth":"1975-10-15T07:54:14.764Z","address":"moore"}
INSERT;{"name":"felipe","dpi":"1564012160185","datebirth":"1974-03-31T19:03:53.785Z","address":"harrisburg"}
INSERT;{"name":"lyla","dpi":"3122109701931","datebirth":"1979-09-24T03:26:58.086Z","address":"guaynabo"}
INSERT;{"name":"estelle","dpi":"8408077571909","datebirth":"1963-12-01T05:51:56.574Z","address":"peoria"}
INSERT;{"name":"lavonne","dpi":"7522689773636","datebirth":"1961-11-24T05:37:55.466Z","address":"santa maria"}
INSERT;{"name":"genesis","dpi":"7665385802946","datebirth":"1985-06-08T02:48:18.731Z","address":"yucaipa"}
INSERT;{"name":"kylee","dpi":"9071002234827","datebirth":"1984-07-27T13:47:12.791Z","address":"dothan"}
INSERT;{"name":"liliana","dpi":"8567016687306","datebirth":"1992-08-21T07:23:24.049Z","address":"euclid"}
INSERT;{"name":"fredy","dpi":"3131654333913","datebirth":"1968-08-11T03:25:49.791Z","address":"charlottesville"}
INSERT;{"name":"carmela","dpi":"2996668067296","datebirth":"1981-11-08T00:09:13.781Z","address":"roseville"}
INSERT;{"name":"aaliyah","dpi":"9992369117006","datebirth":"1967-05-29T14:30:49.031Z","address":"independence"}
INSERT;{"name":"rocky","dpi":"4628437779973","datebirth":"1977-09-30T05:27:47.923Z","address":"south san francisco"}
INSERT;{"name":"gayle","dpi":"3692903722233","datebirth":"1977-03-19T18:00:00.649Z","address":"dearborn heights"}
INSERT;{"name":"camylle","dpi":"6937207486166","datebirth":"1989-05-11T22:22:08.002Z","address":"san bernardino"}
INSERT;{"name":"omari","dpi":"7273534365415","datebirth":"1975-08-17T20:26:29.613Z","address":"des plaines"}
INSERT;{"name":"joshuah","dpi":"9003641013877","datebirth":"1983-01-07T15:22:43.113Z","address":"dunwoody"}
INSERT;{"name":"jensen","dpi":"9310792517858","datebirth":"1964-11-01T10:27:49.857Z","address":"grand island"}
INSERT;{"name":"anais","dpi":"9590488352524","datebirth":"1962-06-06T08:14:35.941Z","address":"logan"}
INSERT;{"name":"vivianne","dpi":"4825163206605","datebirth":"1994-08-01T10:07:06.627Z","address":"burke"}
INSERT;{"name":"genesis","dpi":"9945431318721","datebirth":"1987-03-12T05:10:26.113Z","address":"huntersville"}
INSERT;{"name":"lyla","dpi":"2139243968446","datebirth":"1965-11-21T05:03:51.871Z","address":"brownsville"}
INSERT;{"name":"carrie","dpi":"8918952297364","datebirth":"1983-08-12T08:37:37.121Z","address":"charlotte"}
INSERT;{"name":"clara","dpi":"9603422873378","datebirth":"1972-06-15T08:36:04.196Z","address":"jacksonville"}
INSERT;{"name":"brisa","dpi":"2107607160157","datebirth":"1985-07-17T20:20:39.838Z","address":"framingham"}
INSERT;{"name":"corine","dpi":"2024422524264","datebirth":"1997-10-19T15:24:40.878Z","address":"great falls"}
INSERT;{"name":"bradley","dpi":"3160346639963","datebirth":"1976-07-04T12:59:47.507Z","address":"vallejo"}
INSERT;{"name":"kyla","dpi":"6079933728086","datebirth":"1965-04-04T18:08:22.132Z","address":"antelope"}
INSERT;{"name":"shaylee","dpi":"2954465001323","datebirth":"2001-02-26T17:24:26.207Z","address":"newark"}
INSERT;{"name":"devyn","dpi":"9473512809027","datebirth":"1979-07-01T07:14:49.767Z","address":"new bedford"}
INSERT;{"name":"rocky","dpi":"1001773203139","datebirth":"1982-04-29T23:04:06.113Z","address":"westminster"}
INSERT;{"name":"aaliyah","dpi":"6248817281522","datebirth":"1973-08-09T08:45:54.298Z","address":"carson city"}
INSERT;{"name":"annamae","dpi":"7673786043834","datebirth":"1972-10-13T23:52:55.448Z","address":"lawrence"}
INSERT;{"name":"bradley","dpi":"2884277331914","datebirth":"1970-06-29T21:47:23.096Z","address":"provo"}
INSERT;{"name":"otis","dpi":"4379025388440","datebirth":"1985-08-30T13:13:06.304Z","address":"sparks"}
INSERT;{"name":"estelle","dpi":"7563812895174","datebirth":"1993-03-03T17:10:15.810Z","address":"moore"}
INSERT;{"name":"alejandra","dpi":"5432361079614","datebirth":"1987-11-03T04:29:53.557Z","address":"clovis"}
INSERT;{"name":"eliza","dpi":"1871546636263","datebirth":"1967-10-18T02:17:26.558Z","address":"salina"}
INSERT;{"name":"jensen","dpi":"4981120291652","datebirth":"1984-11-18T11:39:32.588Z","address":"mountain view"}
INSERT;{"name":"janis","dpi":"3041774282084","datebirth":"1994-12-31T08:04:25.953Z","address":"beaumont"}
INSERT;{"name":"alberta","dpi":"2032477131396","datebirth":"1968-07-07T22:42:17.994Z","address":"avondale"}
INSERT;{"name":"irwin","dpi":"1444834240961","datebirth":"1963-05-08T23:05:39.229Z","address":"delray beach"}
INSERT;{"name":"alphonso","dpi":"9132184243289","datebirth":"1991-05-16T20:52:46.547Z","address":"cambridge"}
INSERT;{"name":"omari","dpi":"8920061479787","datebirth":"1983-05-10T06:00:59.843Z","address":"indio"}
INSERT;{"name":"toni","dpi":"9026147011965","datebirth":"1988-09-25T12:12:05.685Z","address":"broken arrow"}
INSERT;{"name":"esther","dpi":"2722607408950","datebirth":"1979-05-16T14:53:48.129Z","address":"wylie"}
INSERT;{"name":"eliza","dpi":"2465259939233","datebirth":"1992-07-10T01:05:58.631Z","address":"danville"}
INSERT;{"name":"lavonne","dpi":"9624585442437","datebirth":"1986-07-10T10:57:17.084Z","address":"brandon"}
INSERT;{"name":"lyla","dpi":"8712420600435","datebirth":"1992-06-05T00:40:53.792Z","address":"oshkosh"}
INSERT;{"name":"rocky","dpi":"3830353816091","datebirth":"1998-11-15T19:05:11.568Z","address":"biloxi"}
INSERT;{"name":"okey","dpi":"7937500476132","datebirth":"1989-10-22T00:44:55.301Z","address":"bonita springs"}
INSERT;{"name":"kaleigh","dpi":"8713165842528","datebirth":"1977-07-07T16:36:50.279Z","address":"hemet"}
INSERT;{"name":"margie","dpi":"7703066244330","datebirth":"1990-03-12T21:21:59.817Z","address":"dothan"}
INSERT;{"name":"lurline","dpi":"5274153685190","datebirth":"1981-03-30T03:28:00.420Z","address":"arlington"}
INSERT;{"name":"tess","dpi":"6105095268662","datebirth":"1991-02-14T04:44:52.665Z","address":"jefferson city"}
INSERT;{"name":"melba","dpi":"9457565741677","datebirth":"1970-04-01T02:07:20.005Z","address":"parker"}
INSERT;{"name":"nicholas","dpi":"1508102633898","datebirth":"1978-09-28T20:29:43.398Z","address":"st. louis"}
INSERT;{"name":"zoey","dpi":"1781808509929","datebirth":"2000-12-09T16:55:13.886Z","address":"minnetonka"}
INSERT;{"name":"janis","dpi":"1273321382272","datebirth":"1965-03-26T12:45:57.285Z","address":"methuen town"}
INSERT;{"name":"esther","dpi":"4752270082146","datebirth":"1978-02-25T10:21:12.152Z","address":"federal way"}
INSERT;{"name":"demond","dpi":"8577800257407","datebirth":"1999-04-30T12:25:10.698Z","address":"middletown"}
INSERT;{"name":"demond","dpi":"3336015918668","datebirth":"1969-01-23T15:28:55.950Z","address":"coconut creek"}
INSERT;{"name":"sheldon","dpi":"2300827484745","datebirth":"1977-12-20T15:10:19.858Z","address":"ann arbor"}
INSERT;{"name":"elias","dpi":"3536426255436","datebirth":"1986-05-16T17:23:21.297Z","address":"wheaton"}
INSERT;{"name":"toni","dpi":"6110618370373","datebirth":"2001-05-09T05:56:23.508Z","address":"cary"}
INSERT;{"name":"norris","dpi":"7939161399640","datebirth":"2002-12-10T17:41:00.093Z","address":"suffolk"}
INSERT;{"name":"chelsea","dpi":"2564628126313","datebirth":"1977-05-29T20:16:02.763Z","address":"boston"}
INSERT;{"name":"gayle","dpi":"5686918268263","datebirth":"1969-12-09T05:15:12.699Z","address":"schaumburg"}
INSERT;{"name":"brisa","dpi":"9478444839047","datebirth":"1992-05-14T08:09:55.345Z","address":"visalia"}
INSERT;{"name":"brandi","dpi":"2719175281345","datebirth":"2000-09-05T20:10:12.103Z","address":"shawnee"}
INSERT;{"name":"nikolas","dpi":"6646055543600","datebirth":"1986-06-02T11:30:33.569Z","address":"montebello"}
INSERT;{"name":"kirsten","dpi":"5621265264262","datebirth":"1971-06-03T18:33:57.620Z","address":"jacksonville"}
INSERT;{"name":"fredy","dpi":"3546367240421","datebirth":"1994-03-18T06:08:30.351Z","address":"castle rock"}
INSERT;{"name":"demond","dpi":"9492746825500","datebirth":"1961-01-30T14:21:49.432Z","address":"burien"}
INSERT;{"name":"kobe","dpi":"1509842138228","datebirth":"1970-01-11T08:48:32.962Z","address":"fort smith"}
INSERT;{"name":"lavonne","dpi":"3483199089041","datebirth":"2002-03-17T03:50:39.832Z","address":"o'fallon"}
INSERT;{"name":"omari","dpi":"5685583902953","datebirth":"1988-09-25T11:05:24.168Z","address":"janesville"}
INSERT;{"name":"esther","dpi":"7774237476610","datebirth":"1972-05-24T11:34:46.414Z","address":"clifton"}
INSERT;{"name":"otis","dpi":"1937808580370","datebirth":"1967-04-24T01:12:42.296Z","address":"odessa"}
INSERT;{"name":"esther","dpi":"8659276998426","datebirth":"1981-11-12T22:51:22.308Z","address":"lancaster"}
INSERT;{"name":"adaline","dpi":"3269914021914","datebirth":"1964-08-31T16:29:17.322Z","address":"sunnyvale"}
INSERT;{"name":"norris","dpi":"2582183309373","datebirth":"1997-01-09T15:23:28.757Z","address":"davie"}
INSERT;{"name":"leland","dpi":"5193071881166","datebirth":"1991-12-22T09:55:39.507Z","address":"rapid city"}
INSERT;{"name":"roslyn","dpi":"8743982729270","datebirth":"1965-01-24T21:37:05.859Z","address":"malden"}
INSERT;{"name":"eliza","dpi":"7058722948039","datebirth":"1994-06-26T23:38:43.619Z","address":"evansville"}
INSERT;{"name":"anais","dpi":"9165531802708","datebirth":"1991-07-09T00:35:59.605Z","address":"kannapolis"}
INSERT;{"name":"carrie","dpi":"2034937679722","datebirth":"1961-10-01T14:32:45.830Z","address":"hemet"}
INSERT;{"name":"jaquan","dpi":"7950788042558","datebirth":"1967-05-14T10:50:29.754Z","address":"altadena"}
INSERT;{"name":"kirk","dpi":"7129246566475","datebirth":"1970-03-29T03:36:21.743Z","address":"jackson"}
INSERT;{"name":"kylee","dpi":"2726436293176","datebirth":"1965-02-24T23:41:11.254Z","address":"cedar rapids"}
INSERT;{"name":"eliza","dpi":"8435146613376","datebirth":"1965-07-17T22:37:02.879Z","address":"north miami"}
INSERT;{"name":"lurline","dpi":"7282301795503","datebirth":"1973-07-22T03:03:12.913Z","address":"elkhart"}
INSERT;{"name":"rocky","dpi":"3991163925637","datebirth":"1981-06-18T01:28:04.923Z","address":"jonesboro"}
INSERT;{"name":"camylle","dpi":"9441024561862","datebirth":"1979-12-28T07:25:59.587Z","address":"apex"}
INSERT;{"name":"tess","dpi":"5287269531254","datebirth":"1990-10-23T22:49:34.401Z","address":"the woodlands"}
INSERT;{"name":"kyla","dpi":"8746495890526","datebirth":"1976-06-19T05:35:29.263Z","address":"phoenix"}
INSERT;{"name":"kirk","dpi":"9492992788438","datebirth":"1985-01-30T20:48:28.538Z","address":"denver"}
INSERT;{"name":"lea","dpi":"5467461832710","datebirth":"1981-09-22T03:13:44.879Z","address":"elkhart"}
INSERT;{"name":"wilford","dpi":"3390854856893","datebirth":"1993-01-14T04:38:12.619Z","address":"weston"}
INSERT;{"name":"meaghan","dpi":"3729736151368","datebirth":"1984-02-04T04:22:20.196Z","address":"carmichael"}
INSERT;{"name":"omari","dpi":"7873285713510","datebirth":"1977-01-19T00:15:14.460Z","address":"lakeland"}
INSERT;{"name":"arthur","dpi":"1472679106797","datebirth":"1994-03-05T21:31:16.862Z","address":"lorain"}
INSERT;{"name":"jeromy","dpi":"6947356181614","datebirth":"1991-09-25T10:15:26.034Z","address":"milpitas"}
INSERT;{"name":"tess","dpi":"6002789846873","datebirth":"1986-04-23T19:12:37.164Z","address":"brentwood"}
INSERT;{"name":"melba","dpi":"7057273884684","datebirth":"1971-01-14T02:14:22.376Z","address":"memphis"}
INSERT;{"name":"meaghan","dpi":"8713903481747","datebirth":"1978-11-06T08:19:07.035Z","address":"fishers"}
INSERT;{"name":"jensen","dpi":"9436432517469","datebirth":"1988-06-10T05:26:20.380Z","address":"norwalk"}
INSERT;{"name":"rogelio","dpi":"8865265258173","datebirth":"1990-01-23T02:51:40.913Z","address":"philadelphia"}
INSERT;{"name":"otis","dpi":"1267319186049","datebirth":"1971-12-08T20:42:58.638Z","address":"turlock"}
INSERT;{"name":"adaline","dpi":"7400408754741","datebirth":"1994-05-26T01:13:17.856Z","address":"palo alto"}
INSERT;{"name":"tyrique","dpi":"9107487102769","datebirth":"1980-01-15T15:38:12.710Z","address":"bayonne"}
INSERT;{"name":"fredy","dpi":"7959052171693","datebirth":"1969-01-26T06:58:24.877Z","address":"conway"}
INSERT;{"name":"giuseppe","dpi":"4802841857070","datebirth":"1999-03-23T06:50:00.421Z","address":"canton"}
INSERT;{"name":"alex","dpi":"4183982867741","datebirth":"1971-03-25T03:13:57.607Z","address":"logan"}
INSERT;{"name":"lyla","dpi":"4882592253734","datebirth":"1975-12-05T20:38:46.800Z","address":"casper"}
INSERT;{"name":"makayla","dpi":"5433770686436","datebirth":"2000-03-19T08:32:12.222Z","address":"modesto"}
INSERT;{"name":"ali","dpi":"5799860364367","datebirth":"1969-05-16T03:30:03.092Z","address":"wichita"}
INSERT;{"name":"corine","dpi":"6622906959553","datebirth":"1997-10-02T13:32:06.137Z","address":"wichita falls"}
INSERT;{"name":"lurline","dpi":"8517591037910","datebirth":"1968-04-11T00:12:28.151Z","address":"dubuque"}
INSERT;{"name":"garrick","dpi":"7192514544201","datebirth":"1966-01-18T22:29:22.403Z","address":"cedar park"}
INSERT;{"name":"christophe","dpi":"4290996350695","datebirth":"1993-09-29T05:54:35.956Z","address":"galveston"}
INSERT;{"name":"carmela","dpi":"2367406775386","datebirth":"1992-07-04T02:09:47.555Z","address":"parker"}
INSERT;{"name":"bradford","dpi":"4863635390023","datebirth":"1969-01-16T18:05:07.374Z","address":"texas city"}
INSERT;{"name":"saige","dpi":"5426306138187","datebirth":"1991-02-23T09:47:48.810Z","address":"paterson"}
INSERT;{"name":"otis","dpi":"7878315900372","datebirth":"1966-10-19T11:37:35.549Z","address":"paterson"}
INSERT;{"name":"nicholas","dpi":"9126920966319","datebirth":"1996-02-06T03:01:50.756Z","address":"tacoma"}
INSERT;{"name":"tyrique","dpi":"7464526658959","datebirth":"1966-09-23T04:14:53.094Z","address":"lubbock"}
INSERT;{"name":"omari","dpi":"6026596698788","datebirth":"1998-03-02T08:40:00.785Z","address":"arvada"}
INSERT;{"name":"felipe","dpi":"7886796004392","datebirth":"1996-02-09T11:17:18.610Z","address":"buffalo"}
INSERT;{"name":"sheldon","dpi":"2888958159067","datebirth":"1961-12-05T14:36:00.527Z","address":"pittsburg"}
INSERT;{"name":"oleta","dpi":"8249695697587","datebirth":"1967-05-19T19:15:00.229Z","address":"blaine"}
INSERT;{"name":"kirk","dpi":"8286337862457","datebirth":"1965-07-11T13:54:38.263Z","address":"bismarck"}
INSERT;{"name":"adaline","dpi":"5192059497182","datebirth":"1978-01-15T18:03:37.638Z","address":"buckeye"}
INSERT;{"name":"annamae","dpi":"4085905263385","datebirth":"1962-03-08T21:37:50.128Z","address":"tampa"}
INSERT;{"name":"eriberto","dpi":"1277576620795","datebirth":"1961-09-12T09:31:59.821Z","address":"miami"}
INSERT;{"name":"kyla","dpi":"8747940291538","datebirth":"1979-08-09T18:50:03.721Z","address":"san buenaventura (ventura)"}
INSERT;{"name":"lily","dpi":"9533434869779","datebirth":"2002-05-05T02:23:24.163Z","address":"cape coral"}
INSERT;{"name":"eliza","dpi":"6686722739990","datebirth":"1996-12-11T15:04:57.045Z","address":"st. clair shores"}
INSERT;{"name":"clara","dpi":"9750873291152","datebirth":"1975-08-17T17:04:31.320Z","address":"cedar hill"}
INSERT;{"name":"corine","dpi":"7612932659287","datebirth":"1960-08-25T10:27:16.551Z","address":"miami beach"}
INSERT;{"name":"chelsea","dpi":"1390641828499","datebirth":"1999-06-22T00:24:36.209Z","address":"north lauderdale"}
INSERT;{"name":"kobe","dpi":"7137513123559","datebirth":"1965-04-19T01:12:32.588Z","address":"kent"}
INSERT;{"name":"shaylee","dpi":"3028919104615","datebirth":"1976-09-29T22:48:40.563Z","address":"asheville"}
INSERT;{"name":"bradley","dpi":"7859042575795","datebirth":"1993-04-19T20:10:59.692Z","address":"stillwater"}
INSERT;{"name":"genesis","dpi":"3814719572613","datebirth":"1971-04-09T02:27:05.539Z","address":"midland"}
INSERT;{"name":"dillan","dpi":"4530435553249","datebirth":"2001-08-02T16:27:25.616Z","address":"pine bluff"}
INSERT;{"name":"garrick","dpi":"4287288728374","datebirth":"1961-12-04T15:48:40.424Z","address":"indio"}
INSERT;{"name":"garrick","dpi":"4578054436774","datebirth":"1996-07-27T20:37:56.689Z","address":"scranton"}
INSERT;{"name":"carmela","dpi":"1574017474687","datebirth":"1978-07-15T08:13:49.797Z","address":"huntington"}
INSERT;{"name":"joshuah","dpi":"6892662484046","datebirth":"1969-07-02T16:48:51.069Z","address":"des plaines"}
INSERT;{"name":"rod","dpi":"4776024627355","datebirth":"1965-06-19T12:59:19.627Z","address":"st. louis park"}
INSERT;{"name":"makayla","dpi":"4362815943366","datebirth":"1967-07-08T16:19:31.661Z","address":"nampa"}
INSERT;{"name":"rogelio","dpi":"6029719049318","datebirth":"1992-05-26T23:38:26.173Z","address":"frisco"}
INSERT;{"name":"maya","dpi":"3168505699646","datebirth":"1963-02-24T14:42:39.318Z","address":"westland"}
INSERT;{"name":"nicholas","dpi":"2228863847232","datebirth":"1960-05-23T17:50:20.699Z","address":"apple valley"}
INSERT;{"name":"meaghan","dpi":"5316265561839","datebirth":"1961-08-12T01:45:47.417Z","address":"weymouth town"}
INSERT;{"name":"corine","dpi":"7181357169196","datebirth":"1971-12-09T17:37:32.971Z","address":"charlotte"}
INSERT;{"name":"otis","dpi":"4988082625315","datebirth":"2001-10-26T21:53:22.482Z","address":"wesley chapel"}
INSERT;{"name":"garrick","dpi":"6908433443593","datebirth":"1988-06-06T12:59:11.883Z","address":"fargo"}
INSERT;{"name":"aaliyah","dpi":"6032803079990","datebirth":"1982-12-15T10:40:44.466Z","address":"elizabeth"}
INSERT;{"name":"esther","dpi":"3676868258017","datebirth":"1966-09-10T07:00:57.157Z","address":"danville"}
INSERT;{"name":"santino","dpi":"4827593011151","datebirth":"1983-06-15T19:06:32.312Z","address":"ogden"}
INSERT;{"name":"juliet","dpi":"2174278265351","datebirth":"1986-05-30T21:24:16.665Z","address":"lubbock"}
INSERT;{"name":"vivianne","dpi":"8680500178869","datebirth":"1990-06-16T04:06:25.649Z","address":"mesa"}
INSERT;{"name":"rogelio","dpi":"7889838698668","datebirth":"1973-02-27T16:15:35.889Z","address":"north port"}
INSERT;{"name":"eliza","dpi":"8247740629607","datebirth":"1981-01-27T13:33:13.249Z","address":"malden"}
INSERT;{"name":"kirsten","dpi":"3874563121373","datebirth":"1974-03-23T10:49:21.679Z","address":"bonita springs"}
INSERT;{"name":"ali","dpi":"5605960558536","datebirth":"1962-07-01T02:57:20.783Z","address":"bellingham"}
INSERT;{"name":"dillan","dpi":"1432031004142","datebirth":"1994-10-06T13:02:51.150Z","address":"boca raton"}
INSERT;{"name":"genesis","dpi":"4150085689647","datebirth":"1970-01-13T14:25:43.426Z","address":"sanford"}
INSERT;{"name":"okey","dpi":"6187805375943","datebirth":"1967-06-13T00:52:36.805Z","address":"shawnee"}
INSERT;{"name":"kirk","dpi":"3494118920005","datebirth":"1965-07-29T10:58:54.289Z","address":"monterey park"}
INSERT;{"name":"leland","dpi":"1207404003707","datebirth":"2001-01-20T13:39:53.650Z","address":"mcallen"}
INSERT;{"name":"rogelio","dpi":"4108459022452","datebirth":"1997-04-15T10:07:30.215Z","address":"syracuse"}
INSERT;{"name":"jules","dpi":"4179347491913","datebirth":"1965-08-06T10:55:02.599Z","address":"kenner"}
INSERT;{"name":"eriberto","dpi":"9138536478512","datebirth":"2002-06-05T17:03:54.313Z","address":"framingham"}
INSERT;{"name":"sheldon","dpi":"8300942696663","datebirth":"2000-07-27T07:50:51.836Z","address":"oshkosh"}
INSERT;{"name":"alejandra","dpi":"5477507406594","datebirth":"1999-04-08T11:49:07.495Z","address":"apex"}
INSERT;{"name":"hassie","dpi":"4955338599427","datebirth":"1986-11-18T11:53:09.375Z","address":"lincoln"}
INSERT;{"name":"rocky","dpi":"8695525803027","datebirth":"1992-08-01T14:34:22.024Z","address":"chicopee"}
INSERT;{"name":"arthur","dpi":"1607935110118","datebirth":"1997-11-15T12:31:45.434Z","address":"burlington"}
INSERT;{"name":"lurline","dpi":"8520732237537","datebirth":"1968-10-01T23:56:24.422Z","address":"rockford"}
INSERT;{"name":"tyrique","dpi":"6500443101689","datebirth":"1996-06-05T08:35:34.247Z","address":"glendora"}
INSERT;{"name":"norris","dpi":"4074240819610","datebirth":"1974-03-06T11:43:05.297Z","address":"wellington"}
INSERT;{"name":"nikolas","dpi":"4313895663682","datebirth":"1996-01-07T23:04:28.128Z","address":"longview"}
INSERT;{"name":"toni","dpi":"5548789192475","datebirth":"1961-07-07T04:58:01.643Z","address":"belleville"}
INSERT;{"name":"otis","dpi":"5723239791367","datebirth":"1972-09-26T08:13:42.749Z","address":"somerville"}
INSERT;{"name":"joshuah","dpi":"8157013504979","datebirth":"1994-10-08T23:40:39.245Z","address":"palatine"}
INSERT;{"name":"roslyn","dpi":"2180426805843","datebirth":"1964-12-13T09:53:42.770Z","address":"santee"}
INSERT;{"name":"lavonne","dpi":"7219010352996","datebirth":"2002-08-02T00:48:47.885Z","address":"tacoma"}
INSERT;{"name":"shaylee","dpi":"4260715305400","datebirth":"1989-05-05T04:16:52.983Z","address":"fairfield"}
INSERT;{"name":"adaline","dpi":"9405982315816","datebirth":"1961-12-06T18:17:25.852Z","address":"broken arrow"}
INSERT;{"name":"lavonne","dpi":"8380326018786","datebirth":"1986-07-03T18:49:07.863Z","address":"carlsbad"}
INSERT;{"name":"leland","dpi":"6533885079586","datebirth":"1972-05-04T20:41:41.943Z","address":"rock hill"}
INSERT;{"name":"annamae","dpi":"6189039802486","datebirth":"1997-05-29T16:31:56.929Z","address":"salem"}
INSERT;{"name":"zoey","dpi":"7790580354333","datebirth":"1979-03-29T22:10:27.991Z","address":"minnetonka"}
INSERT;{"name":"alberta","dpi":"2025919570946","datebirth":"1988-11-18T06:01:16.557Z","address":"san francisco"}
INSERT;{"name":"saige","dpi":"3883066447699","datebirth":"1999-04-13T21:53:33.453Z","address":"belleville"}
INSERT;{"name":"brandi","dpi":"2341741862220","datebirth":"1968-01-25T17:38:16.058Z","address":"buffalo"}
INSERT;{"name":"sheldon","dpi":"9504648031325","datebirth":"1975-11-05T22:07:02.029Z","address":"framingham"}
INSERT;{"name":"annamae","dpi":"4427469354112","datebirth":"1985-01-26T22:14:33.435Z","address":"huntsville"}
INSERT;{"name":"milton","dpi":"4635405506121","datebirth":"2002-03-22T02:22:26.884Z","address":"wichita falls"}
INSERT;{"name":"aaliyah","dpi":"2990326818901","datebirth":"1964-09-29T18:03:51.680Z","address":"north highlands"}
INSERT;{"name":"alexanne","dpi":"7937019124752","datebirth":"1987-11-09T01:41:31.115Z","address":"blacksburg"}
INSERT;{"name":"tess","dpi":"2546974475141","datebirth":"1989-02-23T12:41:08.593Z","address":"draper"}
INSERT;{"name":"clara","dpi":"2942067530044","datebirth":"1965-03-11T23:40:19.966Z","address":"midland"}
INSERT;{"name":"gayle","dpi":"1282234708608","datebirth":"1963-04-08T07:31:31.661Z","address":"boston"}
INSERT;{"name":"erick","dpi":"7683593921110","datebirth":"1993-12-20T03:04:26.738Z","address":"hattiesburg"}
INSERT;{"name":"jaquan","dpi":"3384808413244","datebirth":"1986-09-05T02:26:03.486Z","address":"bakersfield"}
INSERT;{"name":"rod","dpi":"5148486363646","datebirth":"1995-01-25T19:32:55.188Z","address":"annandale"}
INSERT;{"name":"gayle","dpi":"8243200683793","datebirth":"1992-03-13T04:56:51.611Z","address":"kendale lakes"}
INSERT;{"name":"elias","dpi":"8876413640916","datebirth":"1962-11-15T12:33:05.086Z","address":"cerritos"}
INSERT;{"name":"norris","dpi":"1973900414893","datebirth":"1981-01-26T14:58:46.277Z","address":"kokomo"}
INSERT;{"name":"alphonso","dpi":"9856261865827","datebirth":"2002-11-13T21:59:40.481Z","address":"concord"}
INSERT;{"name":"elias","dpi":"4265530665883","datebirth":"1993-12-16T09:19:22.485Z","address":"la mesa"}
INSERT;{"name":"garrick","dpi":"4053047036944","datebirth":"1990-08-28T02:08:11.895Z","address":"hawthorne"}
INSERT;{"name":"alphonso","dpi":"4204292072257","datebirth":"1987-06-02T04:03:39.325Z","address":"buckeye"}
INSERT;{"name":"felipe","dpi":"6536704139101","datebirth":"1982-07-31T05:02:45.974Z","address":"wheaton"}
INSERT;{"name":"lavonne","dpi":"9464802304465","datebirth":"1966-10-13T12:07:06.685Z","address":"hilo"}
INSERT;{"name":"lavonne","dpi":"5813172667141","datebirth":"1998-08-04T20:17:33.284Z","address":"royal oak"}
INSERT;{"name":"irwin","dpi":"1387687619465","datebirth":"1975-09-23T09:35:57.149Z","address":"greeley"}
INSERT;{"name":"demond","dpi":"2156941727399","datebirth":"1965-09-15T02:19:29.577Z","address":"topeka"}
INSERT;{"name":"irwin","dpi":"2553875503163","datebirth":"1968-11-15T06:07:25.776Z","address":"lakewood"}
INSERT;{"name":"nikolas","dpi":"9361583156194","datebirth":"1991-10-07T18:50:27.456Z","address":"victoria"}
INSERT;{"name":"vivianne","dpi":"4947858820918","datebirth":"1995-07-14T08:39:54.413Z","address":"levittown"}
INSERT;{"name":"lea","dpi":"1325299868460","datebirth":"1996-12-27T02:36:46.241Z","address":"burlington"}
INSERT;{"name":"eriberto","dpi":"6530406121771","datebirth":"1970-12-24T06:24:32.587Z","address":"madera"}
INSERT;{"name":"camylle","dpi":"8943689341260","datebirth":"1987-08-15T05:07:23.792Z","address":"everett"}
INSERT;{"name":"tremaine","dpi":"8378924322370","datebirth":"1961-01-12T10:29:57.549Z","address":"long beach"}
INSERT;{"name":"aaliyah","dpi":"3645241644966","datebirth":"1992-05-29T23:14:16.001Z","address":"miramar"}
INSERT;{"name":"lily","dpi":"4377871710914","datebirth":"1991-12-07T12:22:28.637Z","address":"rocky mount"}
INSERT;{"name":"liliana","dpi":"6985303442672","datebirth":"1978-01-21T07:10:10.754Z","address":"waukegan"}
INSERT;{"name":"lavonne","dpi":"9582970853218","datebirth":"1962-01-19T05:29:53.902Z","address":"carson"}
INSERT;{"name":"carmela","dpi":"9323924104051","datebirth":"1990-07-10T20:40:49.822Z","address":"elizabeth"}
INSERT;{"name":"roslyn","dpi":"5168290837775","datebirth":"1972-07-07T04:16:09.384Z","address":"springfield"}
INSERT;{"name":"brandi","dpi":"4066294146784","datebirth":"2002-03-25T22:07:28.181Z","address":"winston-salem"}
INSERT;{"name":"meaghan","dpi":"2974732023930","datebirth":"1988-05-31T04:59:35.947Z","address":"jeffersonville"}
INSERT;{"name":"estelle","dpi":"7175365887940","datebirth":"1980-08-12T19:15:08.415Z","address":"port st. lucie"}
INSERT;{"name":"elias","dpi":"8628832566652","datebirth":"1977-04-09T06:59:38.501Z","address":"lawrence"}
INSERT;{"name":"donny","dpi":"7991630024738","datebirth":"1968-06-17T11:07:26.634Z","address":"germantown"}
INSERT;{"name":"arthur","dpi":"9228800353753","datebirth":"1983-11-26T17:09:53.886Z","address":"apopka"}
INSERT;{"name":"lily","dpi":"5097815699234","datebirth":"1961-10-29T18:46:20.730Z","address":"palm springs"}
INSERT;{"name":"fredy","dpi":"6819846479663","datebirth":"1980-12-22T04:23:36.956Z","address":"cleveland heights"}
INSERT;{"name":"garrick","dpi":"7872274154365","datebirth":"1992-04-27T19:39:52.456Z","address":"lincoln"}
PATCH;{"name":"leland","dpi":"5822613821272","datebirth":"1980-08-15T16:28:47.255Z","address":"allen"}
DELETE;{"name":"leland","dpi":"5193071881166","datebirth":"1991-12-22T09:55:39.507Z","address":"rapid city"}
DELETE;{"name":"jaquan","dpi":"7950788042558","datebirth":"1967-05-14T10:50:29.754Z","address":"altadena"}
PATCH;{"name":"melba","dpi":"9457565741677","datebirth":"1970-04-01T02:07:20.005Z","address":"white plains"}
PATCH;{"name":"nicholas","dpi":"3299305855124","datebirth":"1963-11-16T07:57:21.363Z","address":"albany"}
PATCH;{"name":"nicholas","dpi":"9126920966319","datebirth":"1996-02-06T03:01:50.756Z","address":"glenview"}
PATCH;{"name":"nicholas","dpi":"2228863847232","datebirth":"1960-05-23T17:50:20.699Z","address":"palm bay"}
PATCH;{"name":"liliana","dpi":"9277361207906","datebirth":"1966-01-29T13:05:22.752Z","address":"louisville/jefferson county"}
PATCH;{"name":"liliana","dpi":"5421791583125","datebirth":"1966-08-16T15:07:19.391Z","address":"richardson"}
PATCH;{"name":"liliana","dpi":"9845820506503","datebirth":"1977-08-22T17:58:59.970Z","address":"san leandro"}
PATCH;{"name":"liliana","dpi":"8567016687306","datebirth":"1992-08-21T07:23:24.049Z","address":"peabody"}
DELETE;{"name":"liliana","dpi":"6985303442672","datebirth":"1978-01-21T07:10:10.754Z","address":"waukegan"}
PATCH;{"name":"vivianne","dpi":"7166761150766","datebirth":"1971-01-27T09:44:49.833Z","address":"severn"}
DELETE;{"name":"vivianne","dpi":"7065259650509","datebirth":"1977-05-23T18:41:34.205Z","address":"altamonte springs"}
DELETE;{"name":"vivianne","dpi":"8680500178869","datebirth":"1990-06-16T04:06:25.649Z","address":"mesa"}
DELETE;{"name":"rogelio","dpi":"6029719049318","datebirth":"1992-05-26T23:38:26.173Z","address":"frisco"}
DELETE;{"name":"rogelio","dpi":"7889838698668","datebirth":"1973-02-27T16:15:35.889Z","address":"north port"}
DELETE;{"name":"fredy","dpi":"9051733931163","datebirth":"1983-05-20T14:20:52.773Z","address":"state college"}
PATCH;{"name":"fredy","dpi":"3546367240421","datebirth":"1994-03-18T06:08:30.351Z","address":"bellflower"}
PATCH;{"name":"fredy","dpi":"7959052171693","datebirth":"1969-01-26T06:58:24.877Z","address":"murfreesboro"}
PATCH;{"name":"fredy","dpi":"6819846479663","datebirth":"1980-12-22T04:23:36.956Z","address":"dearborn heights"}
DELETE;{"name":"adaline","dpi":"1028828618995","datebirth":"1966-12-04T23:44:36.892Z","address":"jackson"}
DELETE;{"name":"adaline","dpi":"3269914021914","datebirth":"1964-08-31T16:29:17.322Z","address":"sunnyvale"}
DELETE;{"name":"adaline","dpi":"5192059497182","datebirth":"1978-01-15T18:03:37.638Z","address":"buckeye"}
PATCH;{"name":"adaline","dpi":"9405982315816","datebirth":"1961-12-06T18:17:25.852Z","address":"fountainebleau"}
PATCH;{"name":"hassie","dpi":"7000138891709","datebirth":"1963-03-19T20:13:50.209Z","address":"st. louis"}
PATCH;{"name":"hassie","dpi":"4955338599427","datebirth":"1986-11-18T11:53:09.375Z","address":"torrance"}
DELETE;{"name":"bethel","dpi":"9457027012358","datebirth":"1961-04-29T05:24:28.641Z","address":"torrance"}
DELETE;{"name":"reba","dpi":"9398876685954","datebirth":"1999-10-05T06:29:06.853Z","address":"akron"}
DELETE;{"name":"vince","dpi":"7278950855275","datebirth":"1988-07-14T21:37:06.601Z","address":"pasadena"}
PATCH;{"name":"brisa","dpi":"4466350703494","datebirth":"1964-09-30T21:22:11.245Z","address":"san antonio"}
DELETE;{"name":"brisa","dpi":"3214528571838","datebirth":"1975-12-19T21:25:25.162Z","address":"clovis"}
DELETE;{"name":"brisa","dpi":"2107607160157","datebirth":"1985-07-17T20:20:39.838Z","address":"framingham"}
DELETE;{"name":"brisa","dpi":"9478444839047","datebirth":"1992-05-14T08:09:55.345Z","address":"visalia"}
DELETE;{"name":"zoey","dpi":"6181333891116","datebirth":"1970-04-15T10:16:34.665Z","address":"huntington park"}
DELETE;{"name":"gayle","dpi":"3692903722233","datebirth":"1977-03-19T18:00:00.649Z","address":"dearborn heights"}
PATCH;{"name":"gayle","dpi":"1282234708608","datebirth":"1963-04-08T07:31:31.661Z","address":"columbia"}
PATCH;{"name":"gayle","dpi":"8243200683793","datebirth":"1992-03-13T04:56:51.611Z","address":"anderson"}
PATCH;{"name":"irwin","dpi":"2137226132856","datebirth":"1977-08-24T12:05:30.325Z","address":"rancho santa margarita"}
DELETE;{"name":"irwin","dpi":"1387687619465","datebirth":"1975-09-23T09:35:57.149Z","address":"greeley"}
PATCH;{"name":"irwin","dpi":"2553875503163","datebirth":"1968-11-15T06:07:25.776Z","address":"mentor"}
DELETE;{"name":"maya","dpi":"2876774254663","datebirth":"1974-08-19T08:03:18.792Z","address":"baltimore"}
DELETE;{"name":"maya","dpi":"3827224225228","datebirth":"1979-05-18T16:58:51.463Z","address":"cypress"}
PATCH;{"name":"maya","dpi":"3168505699646","datebirth":"1963-02-24T14:42:39.318Z","address":"rosemead"}
DELETE;{"name":"clara","dpi":"4820088603668","datebirth":"1976-05-27T20:31:05.748Z","address":"pasco"}
PATCH;{"name":"clara","dpi":"9603422873378","datebirth":"1972-06-15T08:36:04.196Z","address":"rohnert park"}
PATCH;{"name":"clara","dpi":"9750873291152","datebirth":"1975-08-17T17:04:31.320Z","address":"south bend"}
PATCH;{"name":"rocky","dpi":"7815380763171","datebirth":"1966-03-29T03:53:18.772Z","address":"lynwood"}
DELETE;{"name":"rocky","dpi":"1001773203139","datebirth":"1982-04-29T23:04:06.113Z","address":"westminster"}
DELETE;{"name":"rocky","dpi":"3830353816091","datebirth":"1998-11-15T19:05:11.568Z","address":"biloxi"}
DELETE;{"name":"rocky","dpi":"3991163925637","datebirth":"1981-06-18T01:28:04.923Z","address":"jonesboro"}
DELETE;{"name":"rocky","dpi":"8695525803027","datebirth":"1992-08-01T14:34:22.024Z","address":"chicopee"}
PATCH;{"name":"janis","dpi":"7064895260425","datebirth":"1981-02-10T02:01:03.081Z","address":"arlington"}
PATCH;{"name":"janis","dpi":"3041774282084","datebirth":"1994-12-31T08:04:25.953Z","address":"spring"}
PATCH;{"name":"janis","dpi":"1273321382272","datebirth":"1965-03-26T12:45:57.285Z","address":"lenexa"}
DELETE;{"name":"esther","dpi":"5934715923517","datebirth":"1962-05-09T22:25:32.356Z","address":"kent"}
PATCH;{"name":"esther","dpi":"6374818393732","datebirth":"1970-04-15T00:10:57.794Z","address":"richmond"}
PATCH;{"name":"esther","dpi":"7774237476610","datebirth":"1972-05-24T11:34:46.414Z","address":"denton"}
DELETE;{"name":"esther","dpi":"8659276998426","datebirth":"1981-11-12T22:51:22.308Z","address":"lancaster"}
DELETE;{"name":"esther","dpi":"3676868258017","datebirth":"1966-09-10T07:00:57.157Z","address":"danville"}
PATCH;{"name":"genesis","dpi":"9663581766799","datebirth":"1997-07-04T17:11:34.965Z","address":"bryan"}
DELETE;{"name":"genesis","dpi":"3814719572613","datebirth":"1971-04-09T02:27:05.539Z","address":"midland"}
DELETE;{"name":"genesis","dpi":"4150085689647","datebirth":"1970-01-13T14:25:43.426Z","address":"sanford"}
DELETE;{"name":"vanessa","dpi":"2745441242574","datebirth":"1981-10-26T03:11:03.485Z","address":"findlay"}
PATCH;{"name":"lyla","dpi":"4428624656751","datebirth":"1962-04-14T06:54:20.000Z","address":"bryan"}
DELETE;{"name":"lyla","dpi":"3122109701931","datebirth":"1979-09-24T03:26:58.086Z","address":"guaynabo"}
PATCH;{"name":"lyla","dpi":"2139243968446","datebirth":"1965-11-21T05:03:51.871Z","address":"twin falls"}
PATCH;{"name":"lyla","dpi":"8712420600435","datebirth":"1992-06-05T00:40:53.792Z","address":"blacksburg"}
PATCH;{"name":"kobe","dpi":"3218805453803","datebirth":"1990-08-25T21:33:19.130Z","address":"frisco"}
DELETE;{"name":"kobe","dpi":"6553549161560","datebirth":"1978-01-17T05:24:04.395Z","address":"murray"}
PATCH;{"name":"kobe","dpi":"7137513123559","datebirth":"1965-04-19T01:12:32.588Z","address":"tucson"}
PATCH;{"name":"juliet","dpi":"3499199383284","datebirth":"1963-07-25T17:43:43.726Z","address":"janesville"}
PATCH;{"name":"juliet","dpi":"2174278265351","datebirth":"1986-05-30T21:24:16.665Z","address":"east hartford"}
DELETE;{"name":"rod","dpi":"6734810255863","datebirth":"1997-06-16T21:32:27.231Z","address":"passaic"}
PATCH;{"name":"annamae","dpi":"2205646878425","datebirth":"1974-06-08T13:33:47.168Z","address":"fort myers"}
PATCH;{"name":"annamae","dpi":"7673786043834","datebirth":"1972-10-13T23:52:55.448Z","address":"lancaster"}
PATCH;{"name":"annamae","dpi":"4085905263385","datebirth":"1962-03-08T21:37:50.128Z","address":"la habra"}
PATCH;{"name":"erick","dpi":"8496319321161","datebirth":"1981-10-07T06:06:35.859Z","address":"saginaw"}
DELETE;{"name":"erick","dpi":"7683593921110","datebirth":"1993-12-20T03:04:26.738Z","address":"hattiesburg"}
DELETE;{"name":"brandon","dpi":"4917268882021","datebirth":"1965-02-12T15:55:05.332Z","address":"chattanooga"}
PATCH;{"name":"tremaine","dpi":"5882628144427","datebirth":"1999-11-18T23:20:33.513Z","address":"frederick"}
PATCH;{"name":"tremaine","dpi":"8378924322370","datebirth":"1961-01-12T10:29:57.549Z","address":"joliet"}
DELETE;{"name":"carmela","dpi":"2996668067296","datebirth":"1981-11-08T00:09:13.781Z","address":"roseville"}
DELETE;{"name":"donny","dpi":"9929643945295","datebirth":"1966-05-04T19:03:40.539Z","address":"apple valley"}
DELETE;{"name":"donny","dpi":"6354610791455","datebirth":"1982-04-29T01:04:04.511Z","address":"waltham"}
DELETE;{"name":"donny","dpi":"7991630024738","datebirth":"1968-06-17T11:07:26.634Z","address":"germantown"}
PATCH;{"name":"nikolas","dpi":"9981729911636","datebirth":"2001-01-16T11:49:36.109Z","address":"kendall"}
DELETE;{"name":"nikolas","dpi":"6646055543600","datebirth":"1986-06-02T11:30:33.569Z","address":"montebello"}
DELETE;{"name":"nikolas","dpi":"4313895663682","datebirth":"1996-01-07T23:04:28.128Z","address":"longview"}
PATCH;{"name":"nikolas","dpi":"9361583156194","datebirth":"1991-10-07T18:50:27.456Z","address":"monterey park"}
PATCH;{"name":"estelle","dpi":"8852189663921","datebirth":"1976-09-27T21:30:58.575Z","address":"davie"}
PATCH;{"name":"estelle","dpi":"7563812895174","datebirth":"1993-03-03T17:10:15.810Z","address":"lancaster"}
PATCH;{"name":"estelle","dpi":"7175365887940","datebirth":"1980-08-12T19:15:08.415Z","address":"portland"}
PATCH;{"name":"jeromy","dpi":"1509575044571","datebirth":"1998-06-19T04:13:03.823Z","address":"west jordan"}
DELETE;{"name":"margie","dpi":"7703066244330","datebirth":"1990-03-12T21:21:59.817Z","address":"dothan"}
PATCH;{"name":"otis","dpi":"2323569339750","datebirth":"1966-04-02T19:51:02.593Z","address":"danville"}
PATCH;{"name":"otis","dpi":"4379025388440","datebirth":"1985-08-30T13:13:06.304Z","address":"yuba city"}
DELETE;{"name":"otis","dpi":"1937808580370","datebirth":"1967-04-24T01:12:42.296Z","address":"odessa"}
PATCH;{"name":"otis","dpi":"1267319186049","datebirth":"1971-12-08T20:42:58.638Z","address":"downey"}
DELETE;{"name":"otis","dpi":"7878315900372","datebirth":"1966-10-19T11:37:35.549Z","address":"paterson"}
DELETE;{"name":"otis","dpi":"4988082625315","datebirth":"2001-10-26T21:53:22.482Z","address":"wesley chapel"}
PATCH;{"name":"otis","dpi":"5723239791367","datebirth":"1972-09-26T08:13:42.749Z","address":"spring valley"}
PATCH;{"name":"meaghan","dpi":"9366053084260","datebirth":"1981-08-22T15:05:27.512Z","address":"san buenaventura (ventura)"}
PATCH;{"name":"meaghan","dpi":"8713903481747","datebirth":"1978-11-06T08:19:07.035Z","address":"schenectady"}
PATCH;{"name":"meaghan","dpi":"5316265561839","datebirth":"1961-08-12T01:45:47.417Z","address":"olathe"}
PATCH;{"name":"meaghan","dpi":"2974732023930","datebirth":"1988-05-31T04:59:35.947Z","address":"memphis"}
PATCH;{"name":"alphonso","dpi":"4319197889929","datebirth":"1973-02-08T13:35:21.976Z","address":"reno"}
PATCH;{"name":"alphonso","dpi":"9132184243289","datebirth":"1991-05-16T20:52:46.547Z","address":"lowell"}
PATCH;{"name":"alphonso","dpi":"4204292072257","datebirth":"1987-06-02T04:03:39.325Z","address":"albuquerque"}
PATCH;{"name":"jules","dpi":"3072612499302","datebirth":"1982-04-11T20:20:31.795Z","address":"stockton"}
PATCH;{"name":"garrick","dpi":"8742178769448","datebirth":"1960-04-18T15:12:30.107Z","address":"lincoln"}
DELETE;{"name":"garrick","dpi":"4287288728374","datebirth":"1961-12-04T15:48:40.424Z","address":"indio"}
DELETE;{"name":"garrick","dpi":"6908433443593","datebirth":"1988-06-06T12:59:11.883Z","address":"fargo"}
PATCH;{"name":"felipe","dpi":"1564012160185","datebirth":"1974-03-31T19:03:53.785Z","address":"jonesboro"}
PATCH;{"name":"felipe","dpi":"7886796004392","datebirth":"1996-02-09T11:17:18.610Z","address":"hialeah"}
PATCH;{"name":"felipe","dpi":"6536704139101","datebirth":"1982-07-31T05:02:45.974Z","address":"clifton"}
PATCH;{"name":"wilford","dpi":"6943395569378","datebirth":"1964-08-10T05:47:17.884Z","address":"port arthur"}
PATCH;{"name":"wilford","dpi":"3390854856893","datebirth":"1993-01-14T04:38:12.619Z","address":"altoona"}
PATCH;{"name":"alexanne","dpi":"9778576618885","datebirth":"1978-07-23T02:39:46.095Z","address":"hollywood"}
PATCH;{"name":"alexanne","dpi":"7937019124752","datebirth":"1987-11-09T01:41:31.115Z","address":"lake ridge"}
DELETE;{"name":"eliza","dpi":"4950671968845","datebirth":"1971-06-27T06:22:04.587Z","address":"decatur"}
PATCH;{"name":"eliza","dpi":"1871546636263","datebirth":"1967-10-18T02:17:26.558Z","address":"milpitas"}
PATCH;{"name":"eliza","dpi":"2465259939233","datebirth":"1992-07-10T01:05:58.631Z","address":"pharr"}
PATCH;{"name":"eliza","dpi":"7058722948039","datebirth":"1994-06-26T23:38:43.619Z","address":"suffolk"}
PATCH;{"name":"eliza","dpi":"8435146613376","datebirth":"1965-07-17T22:37:02.879Z","address":"el monte"}
DELETE;{"name":"eliza","dpi":"8247740629607","datebirth":"1981-01-27T13:33:13.249Z","address":"malden"}
PATCH;{"name":"bradley","dpi":"6769534703595","datebirth":"1991-08-19T20:37:12.142Z","address":"eastvale"}
DELETE;{"name":"bradley","dpi":"9420947244318","datebirth":"1983-01-28T07:03:43.594Z","address":"catalina foothills"}
PATCH;{"name":"bradley","dpi":"5971454764641","datebirth":"1995-10-10T19:20:03.790Z","address":"watsonville"}
PATCH;{"name":"bradley","dpi":"1286743073672","datebirth":"1969-03-22T13:18:04.019Z","address":"delray beach"}
PATCH;{"name":"bradley","dpi":"2884277331914","datebirth":"1970-06-29T21:47:23.096Z","address":"porterville"}
PATCH;{"name":"bradley","dpi":"7859042575795","datebirth":"1993-04-19T20:10:59.692Z","address":"inglewood"}
PATCH;{"name":"lea","dpi":"1477635579869","datebirth":"1993-07-25T12:44:02.099Z","address":"lakewood"}
PATCH;{"name":"lea","dpi":"4872238142756","datebirth":"1965-05-14T05:24:53.829Z","address":"doral"}
DELETE;{"name":"lea","dpi":"5467461832710","datebirth":"1981-09-22T03:13:44.879Z","address":"elkhart"}
DELETE;{"name":"lea","dpi":"1325299868460","datebirth":"1996-12-27T02:36:46.241Z","address":"burlington"}
DELETE;{"name":"devyn","dpi":"8177904879461","datebirth":"1987-01-03T06:45:36.178Z","address":"north lauderdale"}
DELETE;{"name":"elias","dpi":"8724039326918","datebirth":"2002-10-04T07:27:22.772Z","address":"santa ana"}
PATCH;{"name":"elias","dpi":"1896425845603","datebirth":"1988-12-29T05:55:51.493Z","address":"miami beach"}
DELETE;{"name":"elias","dpi":"3536426255436","datebirth":"1986-05-16T17:23:21.297Z","address":"wheaton"}
PATCH;{"name":"elias","dpi":"8876413640916","datebirth":"1962-11-15T12:33:05.086Z","address":"pittsfield"}
DELETE;{"name":"elias","dpi":"8628832566652","datebirth":"1977-04-09T06:59:38.501Z","address":"lawrence"}
DELETE;{"name":"chelsea","dpi":"1785239074491","datebirth":"1970-02-09T15:39:22.378Z","address":"brockton"}
PATCH;{"name":"chelsea","dpi":"1390641828499","datebirth":"1999-06-22T00:24:36.209Z","address":"palmdale"}
DELETE;{"name":"okey","dpi":"2970801303305","datebirth":"1964-06-16T12:52:52.676Z","address":"chattanooga"}
DELETE;{"name":"okey","dpi":"9055484660556","datebirth":"1975-10-15T07:54:14.764Z","address":"moore"}
DELETE;{"name":"okey","dpi":"7937500476132","datebirth":"1989-10-22T00:44:55.301Z","address":"bonita springs"}
DELETE;{"name":"okey","dpi":"6187805375943","datebirth":"1967-06-13T00:52:36.805Z","address":"shawnee"}
PATCH;{"name":"aaliyah","dpi":"8918156107725","datebirth":"1966-10-17T09:04:59.161Z","address":"san leandro"}
DELETE;{"name":"aaliyah","dpi":"9992369117006","datebirth":"1967-05-29T14:30:49.031Z","address":"independence"}
DELETE;{"name":"aaliyah","dpi":"6032803079990","datebirth":"1982-12-15T10:40:44.466Z","address":"elizabeth"}
PATCH;{"name":"aaliyah","dpi":"2990326818901","datebirth":"1964-09-29T18:03:51.680Z","address":"spring"}
PATCH;{"name":"camylle","dpi":"9441024561862","datebirth":"1979-12-28T07:25:59.587Z","address":"sandy"}
PATCH;{"name":"lily","dpi":"4377871710914","datebirth":"1991-12-07T12:22:28.637Z","address":"cheyenne"}
DELETE;{"name":"lily","dpi":"5097815699234","datebirth":"1961-10-29T18:46:20.730Z","address":"palm springs"}
DELETE;{"name":"kylee","dpi":"6882493260658","datebirth":"1975-01-25T08:14:48.854Z","address":"greensboro"}
DELETE;{"name":"kylee","dpi":"9071002234827","datebirth":"1984-07-27T13:47:12.791Z","address":"dothan"}
DELETE;{"name":"kylee","dpi":"2726436293176","datebirth":"1965-02-24T23:41:11.254Z","address":"cedar rapids"}
PATCH;{"name":"anais","dpi":"6598602016506","datebirth":"1974-08-15T16:53:05.388Z","address":"kentwood"}
PATCH;{"name":"anais","dpi":"9590488352524","datebirth":"1962-06-06T08:14:35.941Z","address":"lincoln"}
PATCH;{"name":"bulah","dpi":"7651089322387","datebirth":"1996-10-24T02:55:50.452Z","address":"akron"}
DELETE;{"name":"milton","dpi":"3904051053070","datebirth":"1987-02-16T02:08:02.187Z","address":"corpus christi"}
PATCH;{"name":"dillan","dpi":"7162522368076","datebirth":"1964-12-10T06:29:15.622Z","address":"idaho falls"}
PATCH;{"name":"dillan","dpi":"4530435553249","datebirth":"2001-08-02T16:27:25.616Z","address":"parma"}
DELETE;{"name":"dillan","dpi":"1432031004142","datebirth":"1994-10-06T13:02:51.150Z","address":"boca raton"}
PATCH;{"name":"omari","dpi":"7273534365415","datebirth":"1975-08-17T20:26:29.613Z","address":"moreno valley"}
PATCH;{"name":"omari","dpi":"8920061479787","datebirth":"1983-05-10T06:00:59.843Z","address":"high point"}
DELETE;{"name":"omari","dpi":"5685583902953","datebirth":"1988-09-25T11:05:24.168Z","address":"janesville"}
PATCH;{"name":"omari","dpi":"7873285713510","datebirth":"1977-01-19T00:15:14.460Z","address":"hampton"}
PATCH;{"name":"omari","dpi":"6026596698788","datebirth":"1998-03-02T08:40:00.785Z","address":"irving"}
DELETE;{"name":"joshuah","dpi":"6892662484046","datebirth":"1969-07-02T16:48:51.069Z","address":"des plaines"}
PATCH;{"name":"joshuah","dpi":"8157013504979","datebirth":"1994-10-08T23:40:39.245Z","address":"daytona beach"}
DELETE;{"name":"bradford","dpi":"5307883439964","datebirth":"1964-01-24T21:44:09.771Z","address":"overland park"}
DELETE;{"name":"bradford","dpi":"4863635390023","datebirth":"1969-01-16T18:05:07.374Z","address":"texas city"}
PATCH;{"name":"kirk","dpi":"2647094047272","datebirth":"1998-09-27T23:57:48.686Z","address":"gastonia"}
DELETE;{"name":"kirk","dpi":"7129246566475","datebirth":"1970-03-29T03:36:21.743Z","address":"jackson"}
DELETE;{"name":"kirk","dpi":"9492992788438","datebirth":"1985-01-30T20:48:28.538Z","address":"denver"}
DELETE;{"name":"kirk","dpi":"8286337862457","datebirth":"1965-07-11T13:54:38.263Z","address":"bismarck"}
PATCH;{"name":"kirk","dpi":"3494118920005","datebirth":"1965-07-29T10:58:54.289Z","address":"seattle"}
PATCH;{"name":"norris","dpi":"5763973506231","datebirth":"1978-07-01T01:13:08.184Z","address":"fishers"}
PATCH;{"name":"norris","dpi":"7939161399640","datebirth":"2002-12-10T17:41:00.093Z","address":"green bay"}
DELETE;{"name":"norris","dpi":"1973900414893","datebirth":"1981-01-26T14:58:46.277Z","address":"kokomo"}
PATCH;{"name":"lurline","dpi":"8813476235429","datebirth":"1983-06-16T02:39:28.189Z","address":"cerritos"}
DELETE;{"name":"lurline","dpi":"5274153685190","datebirth":"1981-03-30T03:28:00.420Z","address":"arlington"}
DELETE;{"name":"lurline","dpi":"8517591037910","datebirth":"1968-04-11T00:12:28.151Z","address":"dubuque"}
PATCH;{"name":"christophe","dpi":"2252792817331","datebirth":"1986-10-30T23:55:34.820Z","address":"san buenaventura (ventura)"}
PATCH;{"name":"carrie","dpi":"3503433397846","datebirth":"1972-08-12T16:54:12.589Z","address":"ashburn"}
DELETE;{"name":"carrie","dpi":"1661682088979","datebirth":"1968-07-09T17:52:34.514Z","address":"amarillo"}
DELETE;{"name":"carrie","dpi":"8918952297364","datebirth":"1983-08-12T08:37:37.121Z","address":"charlotte"}
DELETE;{"name":"carrie","dpi":"2034937679722","datebirth":"1961-10-01T14:32:45.830Z","address":"hemet"}
PATCH;{"name":"kyla","dpi":"4992916511185","datebirth":"1999-05-17T04:17:31.470Z","address":"daly city"}
PATCH;{"name":"toni","dpi":"1213387559949","datebirth":"1970-11-29T11:37:30.245Z","address":"buckeye"}
DELETE;{"name":"toni","dpi":"9026147011965","datebirth":"1988-09-25T12:12:05.685Z","address":"broken arrow"}
PATCH;{"name":"toni","dpi":"5548789192475","datebirth":"1961-07-07T04:58:01.643Z","address":"encinitas"}
PATCH;{"name":"alex","dpi":"7666032620474","datebirth":"1985-06-29T20:32:53.222Z","address":"roswell"}
PATCH;{"name":"alex","dpi":"7757405549956","datebirth":"1962-08-20T06:26:34.318Z","address":"newton"}
DELETE;{"name":"alex","dpi":"4183982867741","datebirth":"1971-03-25T03:13:57.607Z","address":"logan"}
DELETE;{"name":"sheldon","dpi":"6014094449590","datebirth":"2000-07-11T19:14:15.496Z","address":"freeport"}
PATCH;{"name":"sheldon","dpi":"2300827484745","datebirth":"1977-12-20T15:10:19.858Z","address":"cedar park"}
PATCH;{"name":"sheldon","dpi":"8300942696663","datebirth":"2000-07-27T07:50:51.836Z","address":"cedar park"}
DELETE;{"name":"sheldon","dpi":"9504648031325","datebirth":"1975-11-05T22:07:02.029Z","address":"framingham"}
DELETE;{"name":"carleton","dpi":"3509110138806","datebirth":"1988-01-21T21:49:53.901Z","address":"lakewood"}
DELETE;{"name":"carleton","dpi":"4659781994095","datebirth":"1977-09-21T05:01:55.846Z","address":"medford"}
DELETE;{"name":"carleton","dpi":"5338678347939","datebirth":"1990-02-09T10:07:42.301Z","address":"taylorsville"}
PATCH;{"name":"demond","dpi":"8215897035470","datebirth":"1979-05-26T08:07:16.130Z","address":"owensboro"}
DELETE;{"name":"demond","dpi":"8577800257407","datebirth":"1999-04-30T12:25:10.698Z","address":"middletown"}
PATCH;{"name":"demond","dpi":"2156941727399","datebirth":"1965-09-15T02:19:29.577Z","address":"sunrise"}
DELETE;{"name":"eriberto","dpi":"6707485980850","datebirth":"1962-01-26T18:19:28.842Z","address":"arlington heights"}
PATCH;{"name":"eriberto","dpi":"1277576620795","datebirth":"1961-09-12T09:31:59.821Z","address":"allen"}
PATCH;{"name":"eriberto","dpi":"9138536478512","datebirth":"2002-06-05T17:03:54.313Z","address":"stockton"}
DELETE;{"name":"eriberto","dpi":"6530406121771","datebirth":"1970-12-24T06:24:32.587Z","address":"madera"}
DELETE;{"name":"lavonne","dpi":"4282502656834","datebirth":"1982-09-02T00:13:40.739Z","address":"east orange"}
PATCH;{"name":"lavonne","dpi":"7522689773636","datebirth":"1961-11-24T05:37:55.466Z","address":"murrieta"}
DELETE;{"name":"lavonne","dpi":"9624585442437","datebirth":"1986-07-10T10:57:17.084Z","address":"brandon"}
DELETE;{"name":"lavonne","dpi":"3483199089041","datebirth":"2002-03-17T03:50:39.832Z","address":"o'fallon"}
PATCH;{"name":"lavonne","dpi":"8380326018786","datebirth":"1986-07-03T18:49:07.863Z","address":"waterbury"}
PATCH;{"name":"lavonne","dpi":"9464802304465","datebirth":"1966-10-13T12:07:06.685Z","address":"st. peters"}
DELETE;{"name":"lavonne","dpi":"9582970853218","datebirth":"1962-01-19T05:29:53.902Z","address":"carson"}
DELETE;{"name":"rosendo","dpi":"8731226109711","datebirth":"2002-09-12T18:39:30.529Z","address":"clovis"}
DELETE;{"name":"giuseppe","dpi":"7957481874959","datebirth":"1969-05-18T05:11:30.018Z","address":"ocala"}
DELETE;{"name":"giuseppe","dpi":"9115032828028","datebirth":"1999-07-31T22:49:51.763Z","address":"atlanta"}
DELETE;{"name":"giuseppe","dpi":"5728764558545","datebirth":"1985-01-19T06:59:20.243Z","address":"roseville"}
DELETE;{"name":"giuseppe","dpi":"4727159305269","datebirth":"1980-01-10T21:23:15.528Z","address":"warner robins"}
DELETE;{"name":"giuseppe","dpi":"1570160110201","datebirth":"1993-03-26T19:46:15.649Z","address":"lakeland"}
PATCH;{"name":"giuseppe","dpi":"4802841857070","datebirth":"1999-03-23T06:50:00.421Z","address":"roanoke"}
PATCH;{"name":"evangeline","dpi":"4522875854667","datebirth":"1978-12-23T10:13:22.355Z","address":"bismarck"}
DELETE;{"name":"evangeline","dpi":"9020094660604","datebirth":"1999-12-09T23:35:50.066Z","address":"long beach"}
DELETE;{"name":"kirsten","dpi":"2530370706465","datebirth":"1987-07-22T08:36:00.794Z","address":"killeen"}
PATCH;{"name":"kirsten","dpi":"5621265264262","datebirth":"1971-06-03T18:33:57.620Z","address":"columbus"}
DELETE;{"name":"kaleigh","dpi":"8713165842528","datebirth":"1977-07-07T16:36:50.279Z","address":"hemet"}
DELETE;{"name":"roslyn","dpi":"5648526461670","datebirth":"1984-07-05T13:36:13.514Z","address":"seattle"}
DELETE;{"name":"roslyn","dpi":"8743982729270","datebirth":"1965-01-24T21:37:05.859Z","address":"malden"}
DELETE;{"name":"roslyn","dpi":"2180426805843","datebirth":"1964-12-13T09:53:42.770Z","address":"santee"}
PATCH;{"name":"oleta","dpi":"2003840870277","datebirth":"2000-09-04T09:43:16.670Z","address":"richland"}
DELETE;{"name":"oleta","dpi":"3850032059392","datebirth":"1982-11-05T02:42:58.740Z","address":"bismarck"}
DELETE;{"name":"oleta","dpi":"8249695697587","datebirth":"1967-05-19T19:15:00.229Z","address":"blaine"}
PATCH;{"name":"makayla","dpi":"1486430834057","datebirth":"1962-04-07T04:47:35.071Z","address":"south hill"}
PATCH;{"name":"makayla","dpi":"5433770686436","datebirth":"2000-03-19T08:32:12.222Z","address":"mission viejo"}
PATCH;{"name":"arthur","dpi":"8243971437149","datebirth":"1982-03-18T09:54:07.529Z","address":"davie"}
DELETE;{"name":"arthur","dpi":"1472679106797","datebirth":"1994-03-05T21:31:16.862Z","address":"lorain"}
DELETE;{"name":"arthur","dpi":"1607935110118","datebirth":"1997-11-15T12:31:45.434Z","address":"burlington"}
DELETE;{"name":"arthur","dpi":"9228800353753","datebirth":"1983-11-26T17:09:53.886Z","address":"apopka"}
PATCH;{"name":"jensen","dpi":"2463707906468","datebirth":"1993-05-04T08:46:35.144Z","address":"hampton"}
PATCH;{"name":"jensen","dpi":"9310792517858","datebirth":"1964-11-01T10:27:49.857Z","address":"lawrence"}
DELETE;{"name":"jensen","dpi":"4981120291652","datebirth":"1984-11-18T11:39:32.588Z","address":"mountain view"}
PATCH;{"name":"brandi","dpi":"2719175281345","datebirth":"2000-09-05T20:10:12.103Z","address":"brookhaven"}
DELETE;{"name":"brandi","dpi":"2341741862220","datebirth":"1968-01-25T17:38:16.058Z","address":"buffalo"}
PATCH;{"name":"santino","dpi":"4827593011151","datebirth":"1983-06-15T19:06:32.312Z","address":"tracy"}
PATCH;{"name":"zion","dpi":"2672018758313","datebirth":"1965-04-30T20:04:09.414Z","address":"chattanooga"}
PATCH;{"name":"corine","dpi":"7864557539129","datebirth":"1967-11-23T18:14:45.342Z","address":"pasadena"}
PATCH;{"name":"corine","dpi":"7178635342790","datebirth":"2002-08-25T03:03:50.240Z","address":"ceres"}
PATCH;{"name":"corine","dpi":"2024422524264","datebirth":"1997-10-19T15:24:40.878Z","address":"oceanside"}
DELETE;{"name":"tyrique","dpi":"6545791638450","datebirth":"1978-07-21T13:16:20.939Z","address":"lauderhill"}
DELETE;{"name":"tyrique","dpi":"9107487102769","datebirth":"1980-01-15T15:38:12.710Z","address":"bayonne"}
PATCH;{"name":"tyrique","dpi":"7464526658959","datebirth":"1966-09-23T04:14:53.094Z","address":"buffalo"}
DELETE;{"name":"tyrique","dpi":"6500443101689","datebirth":"1996-06-05T08:35:34.247Z","address":"glendora"}
PATCH;{"name":"saige","dpi":"4391499555401","datebirth":"1981-12-31T00:20:55.727Z","address":"blacksburg"}
PATCH;{"name":"saige","dpi":"2198587607987","datebirth":"1995-06-14T13:45:27.669Z","address":"whittier"}
DELETE;{"name":"tess","dpi":"4587133014995","datebirth":"1993-11-20T15:35:08.263Z","address":"laredo"}
DELETE;{"name":"tess","dpi":"5212309333753","datebirth":"1960-07-28T07:39:06.689Z","address":"roswell"}
PATCH;{"name":"tess","dpi":"5287269531254","datebirth":"1990-10-23T22:49:34.401Z","address":"south valley"}
DELETE;{"name":"tess","dpi":"6002789846873","datebirth":"1986-04-23T19:12:37.164Z","address":"brentwood"}
DELETE;{"name":"tess","dpi":"2546974475141","datebirth":"1989-02-23T12:41:08.593Z","address":"draper"}
PATCH;{"name":"alejandra","dpi":"6747140451137","datebirth":"1978-06-10T09:21:39.909Z","address":"warwick"}
PATCH;{"name":"shaylee","dpi":"5093409829180","datebirth":"2001-11-23T03:05:31.794Z","address":"bowie"}
DELETE;{"name":"shaylee","dpi":"2954465001323","datebirth":"2001-02-26T17:24:26.207Z","address":"newark"}
PATCH;{"name":"shaylee","dpi":"3028919104615","datebirth":"1976-09-29T22:48:40.563Z","address":"columbia"}
DELETE;{"name":"shaylee","dpi":"4260715305400","datebirth":"1989-05-05T04:16:52.983Z","address":"fairfield"}
PATCH;{"name":"ali","dpi":"5605960558536","datebirth":"1962-07-01T02:57:20.783Z","address":"arlington"}
